0,^ UNIVERSIDAD DE VIGO ^,*,*,<think>#Newline			<set name="aux1"><star/></set>#Newline			<set name="aux2"><star index="2"/></set>#Newline		</think>#Newline		No entendí bien tu pregunta#Comma quieres saber que es la Universidad de vigo?,aprender_preguntas.aiml
0,SI,NO ENTENDÍ BIEN TU PREGUNTA QUIERES SABER QUE ES LA UNIVERSIDAD DE VIGO,*,<!--Evitar valores unknown-->#Newline		<condition name="aux1">#Newline			<li value="unknown"><set name="aux1"/></li>#Newline		</condition>#Newline		<condition name="aux2">#Newline			<li value="unknown"><set name="aux2"/></li>#Newline		</condition>#Newline		<learn>#Newline			<category>#Newline				<pattern><eval><get name="aux1"/></eval> Universidad de Vigo <eval><get name="aux2"/></eval></pattern>#Newline				<template><srai>PREG1</srai></template>#Newline			</category>#Newline		</learn>#Newline		<srai>PREG1</srai>,aprender_preguntas.aiml
0,NO,NO ENTENDÍ BIEN TU PREGUNTA QUIERES SABER QUE ES LA UNIVERSIDAD DE VIGO,*,Entendido.,aprender_preguntas.aiml
0,^ DONDE ^ ESEI ^,*,*,<think>#Newline			<set name="aux1"><star/></set>#Newline			<set name="aux2"><star index="2"/></set>#Newline			<set name="aux3"><star index="3"/></set>#Newline		</think>#Newline		No entendí bien tu pregunta#Comma quieres saber donde esta la ESEI?,aprender_preguntas.aiml
0,SI,NO ENTENDÍ BIEN TU PREGUNTA QUIERES SABER DONDE ESTA LA ESEI,*,<!--Evitar valores unknown-->#Newline		<condition name="aux1">#Newline			<li value="unknown"><set name="aux1"/></li>#Newline		</condition>#Newline		<condition name="aux2">#Newline			<li value="unknown"><set name="aux2"/></li>#Newline		</condition>#Newline		<condition name="aux3">#Newline			<li value="unknown"><set name="aux3"/></li>#Newline		</condition>#Newline		<learn>#Newline			<category>#Newline				<pattern><eval><get name="aux1"/></eval> donde <eval><get name="aux2"/></eval> esei <eval><get name="aux3"/></eval></pattern>#Newline				<template><srai>PREG2</srai></template>#Newline			</category>#Newline		</learn>#Newline		<srai>PREG2</srai>,aprender_preguntas.aiml
0,NO,NO ENTENDÍ BIEN TU PREGUNTA QUIERES SABER DONDE ESTA LA ESEI,*,Entendido.,aprender_preguntas.aiml
0,SI,NO ENTENDÍ BIEN TU PREGUNTA QUIERES SABER QUE ASIGNATURAS PUEDES ESTUDIAR EN LA ESEI,*,<!--Evitar valores unknown-->#Newline		<condition name="aux1">#Newline			<li value="unknown"><set name="aux1"/></li>#Newline		</condition>#Newline		<condition name="aux2">#Newline			<li value="unknown"><set name="aux2"/></li>#Newline		</condition>#Newline		<condition name="aux3">#Newline			<li value="unknown"><set name="aux3"/></li>#Newline		</condition>#Newline		<learn>#Newline			<category>#Newline				<pattern><eval><get name="aux1"/></eval> estudiar <eval><get name="aux2"/></eval> esei <eval><get name="aux3"/></eval></pattern>#Newline				<template><srai>PREG3</srai></template>#Newline			</category>#Newline		</learn>#Newline		<srai>PREG3</srai>,aprender_preguntas.aiml
0,NO,NO ENTENDÍ BIEN TU PREGUNTA QUIERES SABER QUE ASIGNATURAS PUEDES ESTUDIAR EN LA ESEI,*,Entendido.,aprender_preguntas.aiml
0,^ CARRERAS ^ ESEI ^,*,*,<think>#Newline			<set name="aux1"><star/></set>#Newline			<set name="aux2"><star index="2"/></set>#Newline			<set name="aux3"><star index="3"/></set>#Newline		</think>#Newline		No entendí bien tu pregunta#Comma quieres saber que carreras puedes estudiar en la ESEI?,aprender_preguntas.aiml
0,SI,NO ENTENDÍ BIEN TU PREGUNTA QUIERES SABER QUE CARRERAS PUEDES ESTUDIAR EN LA ESEI,*,<!--Evitar valores unknown-->#Newline		<condition name="aux1">#Newline			<li value="unknown"><set name="aux1"/></li>#Newline		</condition>#Newline		<condition name="aux2">#Newline			<li value="unknown"><set name="aux2"/></li>#Newline		</condition>#Newline		<condition name="aux3">#Newline			<li value="unknown"><set name="aux3"/></li>#Newline		</condition>#Newline		<learn>#Newline			<category>#Newline				<pattern><eval><get name="aux1"/></eval> carreras <eval><get name="aux2"/></eval> esei <eval><get name="aux3"/></eval></pattern>#Newline				<template><srai>PREG3</srai></template>#Newline			</category>#Newline		</learn>#Newline		<srai>PREG3</srai>,aprender_preguntas.aiml
0,NO,NO ENTENDÍ BIEN TU PREGUNTA QUIERES SABER QUE CARRERAS PUEDES ESTUDIAR EN LA ESEI,*,Entendido.,aprender_preguntas.aiml
0,^ ESTUDIAR ^ ESEI ^,*,*,<think>#Newline			<set name="aux1"><star/></set>#Newline			<set name="aux2"><star index="2"/></set>#Newline			<set name="aux3"><star index="3"/></set>#Newline		</think>#Newline		No entendí bien tu pregunta#Comma quieres saber si vale la pena estudiar en la ESEI?,aprender_preguntas.aiml
0,SI,NO ENTENDÍ BIEN TU PREGUNTA QUIERES SABER SI VALE LA PENA ESTUDIAR EN LA ESEI,*,<!--Evitar valores unknown-->#Newline		<condition name="aux1">#Newline			<li value="unknown"><set name="aux1"/></li>#Newline		</condition>#Newline		<condition name="aux2">#Newline			<li value="unknown"><set name="aux2"/></li>#Newline		</condition>#Newline		<condition name="aux3">#Newline			<li value="unknown"><set name="aux3"/></li>#Newline		</condition>#Newline		<learn>#Newline			<category>#Newline				<pattern><eval><get name="aux1"/></eval> estudiar <eval><get name="aux2"/></eval> esei <eval><get name="aux3"/></eval></pattern>#Newline				<template><srai>PREG4</srai></template>#Newline			</category>#Newline		</learn>#Newline		<srai>PREG4</srai>,aprender_preguntas.aiml
0,NO,NO ENTENDÍ BIEN TU PREGUNTA QUIERES SABER SI VALE LA PENA ESTUDIAR EN LA ESEI,*,Entendido.,aprender_preguntas.aiml
0,^ CAFETERIA ^ ESEI ^,*,*,<think>#Newline			<set name="aux1"><star/></set>#Newline			<set name="aux2"><star index="2"/></set>#Newline			<set name="aux3"><star index="3"/></set>#Newline		</think>#Newline		No entendí bien tu pregunta#Comma quieres saber si hay una cafeteria en la ESEI?,aprender_preguntas.aiml
0,SI,NO ENTENDÍ BIEN TU PREGUNTA QUIERES SABER SI HAY UNA CAFETERIA EN LA ESEI,*,<!--Evitar valores unknown-->#Newline		<condition name="aux1">#Newline			<li value="unknown"><set name="aux1"/></li>#Newline		</condition>#Newline		<condition name="aux2">#Newline			<li value="unknown"><set name="aux2"/></li>#Newline		</condition>#Newline		<condition name="aux3">#Newline			<li value="unknown"><set name="aux3"/></li>#Newline		</condition>#Newline		<learn>#Newline			<category>#Newline				<pattern><eval><get name="aux1"/></eval> cafeteria <eval><get name="aux2"/></eval> esei <eval><get name="aux3"/></eval></pattern>#Newline				<template><srai>PREG5</srai></template>#Newline			</category>#Newline		</learn>#Newline		<srai>PREG5</srai>,aprender_preguntas.aiml
0,NO,NO ENTENDÍ BIEN TU PREGUNTA QUIERES SABER SI HAY UNA CAFETERIA EN LA ESEI,*,Entendido.,aprender_preguntas.aiml
0,^ COMER ^ ESEI ^,*,*,<think>#Newline			<set name="aux1"><star/></set>#Newline			<set name="aux2"><star index="2"/></set>#Newline			<set name="aux3"><star index="3"/></set>#Newline		</think>#Newline		No entendí bien tu pregunta#Comma quieres saber donde comer en la ESEI?,aprender_preguntas.aiml
0,SI,NO ENTENDÍ BIEN TU PREGUNTA QUIERES SABER DONDE COMER EN LA ESEI,*,<!--Evitar valores unknown-->#Newline		<condition name="aux1">#Newline			<li value="unknown"><set name="aux1"/></li>#Newline		</condition>#Newline		<condition name="aux2">#Newline			<li value="unknown"><set name="aux2"/></li>#Newline		</condition>#Newline		<condition name="aux3">#Newline			<li value="unknown"><set name="aux3"/></li>#Newline		</condition>#Newline		<learn>#Newline			<category>#Newline				<pattern><eval><get name="aux1"/></eval> comer <eval><get name="aux2"/></eval> esei <eval><get name="aux3"/></eval></pattern>#Newline				<template><srai>PREG5</srai></template>#Newline			</category>#Newline		</learn>#Newline		<srai>PREG5</srai>,aprender_preguntas.aiml
0,NO,NO ENTENDÍ BIEN TU PREGUNTA QUIERES SABER DONDE COMER EN LA ESEI,*,Entendido.,aprender_preguntas.aiml
0,^ SECRETARIA ^ ESEI ^,*,*,<think>#Newline			<set name="aux1"><star/></set>#Newline			<set name="aux2"><star index="2"/></set>#Newline			<set name="aux3"><star index="3"/></set>#Newline		</think>#Newline		No entendí bien tu pregunta#Comma quieres saber donde esta la secretaria de la ESEI?,aprender_preguntas.aiml
0,SI,NO ENTENDÍ BIEN TU PREGUNTA QUIERES SABER DONDE ESTA LA SECRETARIA DE LA ESEI,*,<!--Evitar valores unknown-->#Newline		<condition name="aux1">#Newline			<li value="unknown"><set name="aux1"/></li>#Newline		</condition>#Newline		<condition name="aux2">#Newline			<li value="unknown"><set name="aux2"/></li>#Newline		</condition>#Newline		<condition name="aux3">#Newline			<li value="unknown"><set name="aux3"/></li>#Newline		</condition>#Newline		<learn>#Newline			<category>#Newline				<pattern><eval><get name="aux1"/></eval> secretaria <eval><get name="aux2"/></eval> esei <eval><get name="aux3"/></eval></pattern>#Newline				<template><srai>PREG6</srai></template>#Newline			</category>#Newline		</learn>#Newline		<srai>PREG6</srai>,aprender_preguntas.aiml
0,NO,NO ENTENDÍ BIEN TU PREGUNTA QUIERES SABER DONDE ESTA LA SECRETARIA DE LA ESEI,*,Entendido.,aprender_preguntas.aiml
0,SI,NO ENTENDÍ BIEN TU PREGUNTA QUIERES SABER EL HORARIO DE LA SECRETARIA,*,<!--Evitar valores unknown-->#Newline		<condition name="aux1">#Newline			<li value="unknown"><set name="aux1"/></li>#Newline		</condition>#Newline		<condition name="aux2">#Newline			<li value="unknown"><set name="aux2"/></li>#Newline		</condition>#Newline		<condition name="aux3">#Newline			<li value="unknown"><set name="aux3"/></li>#Newline		</condition>#Newline		<learn>#Newline			<category>#Newline				<pattern><eval><get name="aux1"/></eval> secretaria <eval><get name="aux2"/></eval> esei <eval><get name="aux3"/></eval></pattern>#Newline				<template><srai>PREG7</srai></template>#Newline			</category>#Newline		</learn>#Newline		<srai>PREG7</srai>,aprender_preguntas.aiml
0,NO,NO ENTENDÍ BIEN TU PREGUNTA QUIERES SABER EL HORARIO DE LA SECRETARIA,*,Entendido.,aprender_preguntas.aiml
0,^ MATRICULA ^,*,*,<think>#Newline			<set name="aux1"><star/></set>#Newline			<set name="aux2"><star index="2"/></set>#Newline			<set name="aux3"><star index="3"/></set>#Newline		</think>#Newline		No entendí bien tu pregunta#Comma quieres saber cuando puedes ir a secretaria para modificar tu matricula?,aprender_preguntas.aiml
0,SI,NO ENTENDÍ BIEN TU PREGUNTA QUIERES SABER CUANDO PUEDES IR A SECRETARIA PARA MODIFICAR TU MATRICULA,*,<!--Evitar valores unknown-->#Newline		<condition name="aux1">#Newline			<li value="unknown"><set name="aux1"/></li>#Newline		</condition>#Newline		<condition name="aux2">#Newline			<li value="unknown"><set name="aux2"/></li>#Newline		</condition>#Newline		<learn>#Newline			<category>#Newline				<pattern><eval><get name="aux1"/></eval> matricula <eval><get name="aux2"/></eval></pattern>#Newline				<template><srai>PREG7</srai></template>#Newline			</category>#Newline		</learn>#Newline		<srai>PREG7</srai>,aprender_preguntas.aiml
0,NO,NO ENTENDÍ BIEN TU PREGUNTA QUIERES SABER CUANDO PUEDES IR A SECRETARIA PARA MODIFICAR TU MATRICULA,*,Entendido.,aprender_preguntas.aiml
0,^ PAT ^,*,*,<think>#Newline			<set name="aux1"><star/></set>#Newline			<set name="aux2"><star index="2"/></set>#Newline			<set name="aux3"><star index="3"/></set>#Newline		</think>#Newline		No entendí bien tu pregunta#Comma quieres saber que es un PAT?,aprender_preguntas.aiml
0,SI,NO ENTENDÍ BIEN TU PREGUNTA QUIERES SABER QUE ES UN PAT,*,<!--Evitar valores unknown-->#Newline		<condition name="aux1">#Newline			<li value="unknown"><set name="aux1"/></li>#Newline		</condition>#Newline		<condition name="aux2">#Newline			<li value="unknown"><set name="aux2"/></li>#Newline		</condition>#Newline		<learn>#Newline			<category>#Newline				<pattern><eval><get name="aux1"/></eval> PAT <eval><get name="aux2"/></eval></pattern>#Newline				<template><srai>PREG8</srai></template>#Newline			</category>#Newline		</learn>#Newline		<srai>PREG8</srai>,aprender_preguntas.aiml
0,NO,NO ENTENDÍ BIEN TU PREGUNTA QUIERES SABER QUE ES UN PAT,*,Entendido.,aprender_preguntas.aiml
0,^ NECESIDADES EDUCATIVAS ESPECIALES ^,*,*,<think>#Newline			<set name="aux1"><star/></set>#Newline			<set name="aux2"><star index="2"/></set>#Newline		</think>#Newline		No entendí bien tu pregunta#Comma quieres saber cual es el protocolo de acogida de alumnos con necesidades educativas especiales?,aprender_preguntas.aiml
0,SI,NO ENTENDÍ BIEN TU PREGUNTA QUIERES SABER CUAL ES EL PROTOCOLO DE ACOGIDA DE ALUMNOS CON NECESIDADES EDUCATIVAS ESPECIALES,*,<!--Evitar valores unknown-->#Newline		<condition name="aux1">#Newline			<li value="unknown"><set name="aux1"/></li>#Newline		</condition>#Newline		<condition name="aux2">#Newline			<li value="unknown"><set name="aux2"/></li>#Newline		</condition>#Newline		<learn>#Newline			<category>#Newline				<pattern><eval><get name="aux1"/></eval> necesidades educativas especiales <eval><get name="aux2"/></eval></pattern>#Newline				<template><srai>PREG9</srai></template>#Newline			</category>#Newline		</learn>#Newline		<srai>PREG9</srai>,aprender_preguntas.aiml
0,NO,NO ENTENDÍ BIEN TU PREGUNTA QUIERES SABER CUAL ES EL PROTOCOLO DE ACOGIDA DE ALUMNOS CON NECESIDADES EDUCATIVAS ESPECIALES,*,Entendido.,aprender_preguntas.aiml
0,^ DELEGACION ^,*,*,<think>#Newline			<set name="aux1"><star/></set>#Newline			<set name="aux2"><star index="2"/></set>#Newline			<set name="aux3"><star index="3"/></set>#Newline		</think>#Newline		No entendí bien tu pregunta#Comma quieres saber si la ESEI tiene una delegación de alumnos?,aprender_preguntas.aiml
0,SI,NO ENTENDÍ BIEN TU PREGUNTA QUIERES SABER SI LA ESEI TIENE UNA DELEGACIÓN DE ALUMNOS,*,<!--Evitar valores unknown-->#Newline		<condition name="aux1">#Newline			<li value="unknown"><set name="aux1"/></li>#Newline		</condition>#Newline		<condition name="aux2">#Newline			<li value="unknown"><set name="aux2"/></li>#Newline		</condition>#Newline		<learn>#Newline			<category>#Newline				<pattern><eval><get name="aux1"/></eval> delegacion <eval><get name="aux2"/></eval></pattern>#Newline				<template><srai>PREG10</srai></template>#Newline			</category>#Newline		</learn>#Newline		<srai>PREG10</srai>,aprender_preguntas.aiml
0,NO,NO ENTENDÍ BIEN TU PREGUNTA QUIERES SABER SI LA ESEI TIENE UNA DELEGACIÓN DE ALUMNOS,*,Entendido.,aprender_preguntas.aiml
0,^ SUPLEMENTO EUROPEO AL TITULO ^,*,*,<think>#Newline			<set name="aux1"><star/></set>#Newline			<set name="aux2"><star index="2"/></set>#Newline			<set name="aux3"><star index="3"/></set>#Newline		</think>#Newline		No entendí bien tu pregunta#Comma quieres saber que es el suplemento europeo al titulo?,aprender_preguntas.aiml
0,SI,NO ENTENDÍ BIEN TU PREGUNTA QUIERES SABER QUE ES EL SUPLEMENTO EUROPEO AL TITULO,*,<!--Evitar valores unknown-->#Newline		<condition name="aux1">#Newline			<li value="unknown"><set name="aux1"/></li>#Newline		</condition>#Newline		<condition name="aux2">#Newline			<li value="unknown"><set name="aux2"/></li>#Newline		</condition>#Newline		<learn>#Newline			<category>#Newline				<pattern><eval><get name="aux1"/></eval> suplemento europeo al titulo <eval><get name="aux2"/></eval></pattern>#Newline				<template><srai>PREG11</srai></template>#Newline			</category>#Newline		</learn>#Newline		<srai>PREG11</srai>,aprender_preguntas.aiml
0,NO,NO ENTENDÍ BIEN TU PREGUNTA QUIERES SABER QUE ES EL SUPLEMENTO EUROPEO AL TITULO,*,Entendido.,aprender_preguntas.aiml
0,^ PRACTICAS ^ ESEI ^,*,*,<think>#Newline			<set name="aux1"><star/></set>#Newline			<set name="aux2"><star index="2"/></set>#Newline			<set name="aux3"><star index="3"/></set>#Newline		</think>#Newline		No entendí bien tu pregunta#Comma quieres saber que tipo de practicas puedes realizar en la ESEI?,aprender_preguntas.aiml
0,SI,NO ENTENDÍ BIEN TU PREGUNTA QUIERES SABER QUE TIPO DE PRACTICAS PUEDES REALIZAR EN LA ESEI,*,<!--Evitar valores unknown-->#Newline		<condition name="aux1">#Newline			<li value="unknown"><set name="aux1"/></li>#Newline		</condition>#Newline		<condition name="aux2">#Newline			<li value="unknown"><set name="aux2"/></li>#Newline		</condition>#Newline		<condition name="aux3">#Newline			<li value="unknown"><set name="aux3"/></li>#Newline		</condition>#Newline		<learn>#Newline			<category>#Newline				<pattern><eval><get name="aux1"/></eval> practicas <eval><get name="aux2"/></eval> ESEI <eval><get name="aux3"/></eval></pattern>#Newline				<template><srai>PREG12</srai></template>#Newline			</category>#Newline		</learn>#Newline		<srai>PREG12</srai>,aprender_preguntas.aiml
0,NO,NO ENTENDÍ BIEN TU PREGUNTA QUIERES SABER QUE TIPO DE PRACTICAS PUEDES REALIZAR EN LA ESEI,*,Entendido.,aprender_preguntas.aiml
0,^ PRACTICAS ^ EMPRESAS ^,*,*,<think>#Newline			<set name="aux1"><star/></set>#Newline			<set name="aux2"><star index="2"/></set>#Newline			<set name="aux3"><star index="3"/></set>#Newline		</think>#Newline		No entendí bien tu pregunta#Comma quieres saber como consultar la oferta de practicas en empresas?,aprender_preguntas.aiml
0,SI,NO ENTENDÍ BIEN TU PREGUNTA QUIERES SABER COMO CONSULTAR LA OFERTA DE PRACTICAS EN EMPRESAS,*,<!--Evitar valores unknown-->#Newline		<condition name="aux1">#Newline			<li value="unknown"><set name="aux1"/></li>#Newline		</condition>#Newline		<condition name="aux2">#Newline			<li value="unknown"><set name="aux2"/></li>#Newline		</condition>#Newline		<condition name="aux3">#Newline			<li value="unknown"><set name="aux3"/></li>#Newline		</condition>#Newline		<learn>#Newline			<category>#Newline				<pattern><eval><get name="aux1"/></eval> practicas <eval><get name="aux2"/></eval> empresas <eval><get name="aux3"/></eval></pattern>#Newline				<template><srai>PREG13</srai></template>#Newline			</category>#Newline		</learn>#Newline		<srai>PREG13</srai>,aprender_preguntas.aiml
0,NO,NO ENTENDÍ BIEN TU PREGUNTA QUIERES SABER COMO CONSULTAR LA OFERTA DE PRACTICAS EN EMPRESAS,*,Entendido.,aprender_preguntas.aiml
0,^ EMPRESAS ^ PRACTICAS ^,*,*,<think>#Newline			<set name="aux1"><star/></set>#Newline			<set name="aux2"><star index="2"/></set>#Newline			<set name="aux3"><star index="3"/></set>#Newline		</think>#Newline		No entendí bien tu pregunta#Comma quieres saber en que empresas puedes realizar practicas?,aprender_preguntas.aiml
0,SI,NO ENTENDÍ BIEN TU PREGUNTA QUIERES SABER EN QUE EMPRESAS PUEDES REALIZAR PRACTICAS,*,<!--Evitar valores unknown-->#Newline		<condition name="aux1">#Newline			<li value="unknown"><set name="aux1"/></li>#Newline		</condition>#Newline		<condition name="aux2">#Newline			<li value="unknown"><set name="aux2"/></li>#Newline		</condition>#Newline		<condition name="aux3">#Newline			<li value="unknown"><set name="aux3"/></li>#Newline		</condition>#Newline		<learn>#Newline			<category>#Newline				<pattern><eval><get name="aux1"/></eval> empresas <eval><get name="aux2"/></eval> practicas <eval><get name="aux3"/></eval></pattern>#Newline				<template><srai>PREG13</srai></template>#Newline			</category>#Newline		</learn>#Newline		<srai>PREG13</srai>,aprender_preguntas.aiml
0,NO,NO ENTENDÍ BIEN TU PREGUNTA QUIERES SABER EN QUE EMPRESAS PUEDES REALIZAR PRACTICAS,*,Entendido.,aprender_preguntas.aiml
0,^ RECURSOS ^ ESEI ^,*,*,<think>#Newline			<set name="aux1"><star/></set>#Newline			<set name="aux2"><star index="2"/></set>#Newline			<set name="aux3"><star index="3"/></set>#Newline		</think>#Newline		No entendí bien tu pregunta#Comma quieres saber con que recursos materiales y servicios cuenta la ESEI?,aprender_preguntas.aiml
0,SI,NO ENTENDÍ BIEN TU PREGUNTA QUIERES SABER CON QUE RECURSOS MATERIALES Y SERVICIOS CUENTA LA ESEI,*,<!--Evitar valores unknown-->#Newline		<condition name="aux1">#Newline			<li value="unknown"><set name="aux1"/></li>#Newline		</condition>#Newline		<condition name="aux2">#Newline			<li value="unknown"><set name="aux2"/></li>#Newline		</condition>#Newline		<condition name="aux3">#Newline			<li value="unknown"><set name="aux3"/></li>#Newline		</condition>#Newline		<learn>#Newline			<category>#Newline				<pattern><eval><get name="aux1"/></eval> recursos <eval><get name="aux2"/></eval> esei <eval><get name="aux3"/></eval></pattern>#Newline				<template><srai>PREG14</srai></template>#Newline			</category>#Newline		</learn>#Newline		<srai>PREG14</srai>,aprender_preguntas.aiml
0,NO,NO ENTENDÍ BIEN TU PREGUNTA QUIERES SABER CON QUE RECURSOS MATERIALES Y SERVICIOS CUENTA LA ESEI,*,Entendido.,aprender_preguntas.aiml
0,^ INSTALACIONES ^ ESEI ^,*,*,<think>#Newline			<set name="aux1"><star/></set>#Newline			<set name="aux2"><star index="2"/></set>#Newline			<set name="aux3"><star index="3"/></set>#Newline		</think>#Newline		No entendí bien tu pregunta#Comma quieres saber con que instalaciones cuenta la ESEI?,aprender_preguntas.aiml
0,SI,NO ENTENDÍ BIEN TU PREGUNTA QUIERES SABER CON QUE INSTALACIONES CUENTA LA ESEI,*,<!--Evitar valores unknown-->#Newline		<condition name="aux1">#Newline			<li value="unknown"><set name="aux1"/></li>#Newline		</condition>#Newline		<condition name="aux2">#Newline			<li value="unknown"><set name="aux2"/></li>#Newline		</condition>#Newline		<condition name="aux3">#Newline			<li value="unknown"><set name="aux3"/></li>#Newline		</condition>#Newline		<learn>#Newline			<category>#Newline				<pattern><eval><get name="aux1"/></eval> instalaciones <eval><get name="aux2"/></eval> esei <eval><get name="aux3"/></eval></pattern>#Newline				<template><srai>PREG14</srai></template>#Newline			</category>#Newline		</learn>#Newline		<srai>PREG14</srai>,aprender_preguntas.aiml
0,NO,NO ENTENDÍ BIEN TU PREGUNTA QUIERES SABER CON QUE INSTALACIONES CUENTA LA ESEI,*,Entendido.,aprender_preguntas.aiml
0,^ TRABAJOS FIN DE GRADO ^,*,*,<think>#Newline			<set name="aux1"><star/></set>#Newline			<set name="aux2"><star index="2"/></set>#Newline		</think>#Newline		No entendí bien tu pregunta#Comma quieres saber que son los Trabajos de Fin de Grado?,aprender_preguntas.aiml
0,SI,NO ENTENDÍ BIEN TU PREGUNTA QUIERES SABER QUE SON LOS TRABAJOS DE FIN DE GRADO,*,<!--Evitar valores unknown-->#Newline		<condition name="aux1">#Newline			<li value="unknown"><set name="aux1"/></li>#Newline		</condition>#Newline		<condition name="aux2">#Newline			<li value="unknown"><set name="aux2"/></li>#Newline		</condition>#Newline		<learn>#Newline			<category>#Newline				<pattern><eval><get name="aux1"/></eval> Trabajos Fin de Grado <eval><get name="aux2"/></eval></pattern>#Newline				<template><srai>PREG15</srai></template>#Newline			</category>#Newline		</learn>#Newline		<srai>PREG15</srai>,aprender_preguntas.aiml
0,NO,NO ENTENDÍ BIEN TU PREGUNTA QUIERES SABER QUE SON LOS TRABAJOS DE FIN DE GRADO,*,Entendido.,aprender_preguntas.aiml
0,^ TFG ^,*,*,<think>#Newline			<set name="aux1"><star/></set>#Newline			<set name="aux2"><star index="2"/></set>#Newline		</think>#Newline		No entendí bien tu pregunta#Comma quieres saber que son los TFG?,aprender_preguntas.aiml
0,SI,NO ENTENDÍ BIEN TU PREGUNTA QUIERES SABER QUE SON LOS TFG,*,<!--Evitar valores unknown-->#Newline		<condition name="aux1">#Newline			<li value="unknown"><set name="aux1"/></li>#Newline		</condition>#Newline		<condition name="aux2">#Newline			<li value="unknown"><set name="aux2"/></li>#Newline		</condition>#Newline		<learn>#Newline			<category>#Newline				<pattern><eval><get name="aux1"/></eval> TFG <eval><get name="aux2"/></eval></pattern>#Newline				<template><srai>PREG15</srai></template>#Newline			</category>#Newline		</learn>#Newline		<srai>PREG15</srai>,aprender_preguntas.aiml
0,NO,NO ENTENDÍ BIEN TU PREGUNTA QUIERES SABER QUE SON LOS TFG,*,Entendido.,aprender_preguntas.aiml
0,^ BIBLIOTECA ^,*,*,<think>#Newline			<set name="aux1"><star/></set>#Newline			<set name="aux2"><star index="2"/></set>#Newline		</think>#Newline		No entendí bien tu pregunta#Comma quieres saber como acceder a la bilbioteca?,aprender_preguntas.aiml
0,SI,NO ENTENDÍ BIEN TU PREGUNTA QUIERES SABER COMO ACCEDER A LA BILBIOTECA,*,<!--Evitar valores unknown-->#Newline		<condition name="aux1">#Newline			<li value="unknown"><set name="aux1"/></li>#Newline		</condition>#Newline		<condition name="aux2">#Newline			<li value="unknown"><set name="aux2"/></li>#Newline		</condition>#Newline		<learn>#Newline			<category>#Newline				<pattern><eval><get name="aux1"/></eval> Biblioteca <eval><get name="aux2"/></eval></pattern>#Newline				<template><srai>PREG16</srai></template>#Newline			</category>#Newline		</learn>#Newline		<srai>PREG16</srai>,aprender_preguntas.aiml
0,NO,NO ENTENDÍ BIEN TU PREGUNTA QUIERES SABER COMO ACCEDER A LA BILBIOTECA,*,Entendido.,aprender_preguntas.aiml
0,^ ASISTENCIA ^ EVALUACIONES ^,*,*,<think>#Newline			<set name="aux1"><star/></set>#Newline			<set name="aux2"><star index="2"/></set>#Newline			<set name="aux3"><star index="3"/></set>#Newline		</think>#Newline		No entendí bien tu pregunta#Comma quieres saber como justificar tu asistencia a evaluaciones?,aprender_preguntas.aiml
0,SI,NO ENTENDÍ BIEN TU PREGUNTA QUIERES SABER COMO JUSTIFICAR TU ASISTENCIA A EVALUACIONES,*,<!--Evitar valores unknown-->#Newline		<condition name="aux1">#Newline			<li value="unknown"><set name="aux1"/></li>#Newline		</condition>#Newline		<condition name="aux2">#Newline			<li value="unknown"><set name="aux2"/></li>#Newline		</condition>#Newline		<condition name="aux3">#Newline			<li value="unknown"><set name="aux3"/></li>#Newline		</condition>#Newline		<learn>#Newline			<category>#Newline				<pattern><eval><get name="aux1"/></eval> asistencia <eval><get name="aux2"/></eval> evaluaciones <eval><get name="aux3"/></eval></pattern>#Newline				<template><srai>PREG17</srai></template>#Newline			</category>#Newline		</learn>#Newline		<srai>PREG17</srai>,aprender_preguntas.aiml
0,NO,NO ENTENDÍ BIEN TU PREGUNTA QUIERES SABER COMO JUSTIFICAR TU ASISTENCIA A EVALUACIONES,*,Entendido.,aprender_preguntas.aiml
0,^ ASISTENCIA ^ EVALUACION ^,*,*,<think>#Newline			<set name="aux1"><star/></set>#Newline			<set name="aux2"><star index="2"/></set>#Newline			<set name="aux3"><star index="3"/></set>#Newline		</think>#Newline		No entendí bien tu pregunta#Comma quieres saber como justificar tu asistencia a una evaluacion?,aprender_preguntas.aiml
0,SI,NO ENTENDÍ BIEN TU PREGUNTA QUIERES SABER COMO JUSTIFICAR TU ASISTENCIA A UNA EVALUACION,*,<!--Evitar valores unknown-->#Newline		<condition name="aux1">#Newline			<li value="unknown"><set name="aux1"/></li>#Newline		</condition>#Newline		<condition name="aux2">#Newline			<li value="unknown"><set name="aux2"/></li>#Newline		</condition>#Newline		<condition name="aux3">#Newline			<li value="unknown"><set name="aux3"/></li>#Newline		</condition>#Newline		<learn>#Newline			<category>#Newline				<pattern><eval><get name="aux1"/></eval> asistencia <eval><get name="aux2"/></eval> evaluacion <eval><get name="aux3"/></eval></pattern>#Newline				<template><srai>PREG17</srai></template>#Newline			</category>#Newline		</learn>#Newline		<srai>PREG17</srai>,aprender_preguntas.aiml
0,NO,NO ENTENDÍ BIEN TU PREGUNTA QUIERES SABER COMO JUSTIFICAR TU ASISTENCIA A UNA EVALUACION,*,Entendido.,aprender_preguntas.aiml
0,^ ASISTENCIA ^ REVISION ^,*,*,<think>#Newline			<set name="aux1"><star/></set>#Newline			<set name="aux2"><star index="2"/></set>#Newline			<set name="aux3"><star index="3"/></set>#Newline		</think>#Newline		No entendí bien tu pregunta#Comma quieres saber como justificar tu asistencia a una revision?,aprender_preguntas.aiml
0,SI,NO ENTENDÍ BIEN TU PREGUNTA QUIERES SABER COMO JUSTIFICAR TU ASISTENCIA A UNA REVISION,*,<!--Evitar valores unknown-->#Newline		<condition name="aux1">#Newline			<li value="unknown"><set name="aux1"/></li>#Newline		</condition>#Newline		<condition name="aux2">#Newline			<li value="unknown"><set name="aux2"/></li>#Newline		</condition>#Newline		<condition name="aux3">#Newline			<li value="unknown"><set name="aux3"/></li>#Newline		</condition>#Newline		<learn>#Newline			<category>#Newline				<pattern><eval><get name="aux1"/></eval> asistencia <eval><get name="aux2"/></eval> revision <eval><get name="aux3"/></eval></pattern>#Newline				<template><srai>PREG17</srai></template>#Newline			</category>#Newline		</learn>#Newline		<srai>PREG17</srai>,aprender_preguntas.aiml
0,NO,NO ENTENDÍ BIEN TU PREGUNTA QUIERES SABER COMO JUSTIFICAR TU ASISTENCIA A UNA REVISION,*,Entendido.,aprender_preguntas.aiml
0,^ DEPORTES ^,*,*,<think>#Newline			<set name="aux1"><star/></set>#Newline			<set name="aux2"><star index="2"/></set>#Newline		</think>#Newline		No entendí bien tu pregunta#Comma quieres saber que deportes puedes practicar en la ESEI?,aprender_preguntas.aiml
0,SI,NO ENTENDÍ BIEN TU PREGUNTA QUIERES SABER QUE DEPORTES PUEDES PRACTICAR EN LA ESEI,*,<!--Evitar valores unknown-->#Newline		<condition name="aux1">#Newline			<li value="unknown"><set name="aux1"/></li>#Newline		</condition>#Newline		<condition name="aux2">#Newline			<li value="unknown"><set name="aux2"/></li>#Newline		</condition>#Newline		<learn>#Newline			<category>#Newline				<pattern><eval><get name="aux1"/></eval> deportes <eval><get name="aux2"/></eval></pattern>#Newline				<template><srai>PREG18</srai></template>#Newline			</category>#Newline		</learn>#Newline		<srai>PREG18</srai>,aprender_preguntas.aiml
0,NO,NO ENTENDÍ BIEN TU PREGUNTA QUIERES SABER QUE DEPORTES PUEDES PRACTICAR EN LA ESEI,*,Entendido.,aprender_preguntas.aiml
0,^ ACTIVIDADES DEPORTIVAS ^,*,*,<think>#Newline			<set name="aux1"><star/></set>#Newline			<set name="aux2"><star index="2"/></set>#Newline		</think>#Newline		No entendí bien tu pregunta#Comma quieres saber que actividades deportivas puedes practicar en la ESEI?,aprender_preguntas.aiml
0,SI,NO ENTENDÍ BIEN TU PREGUNTA QUIERES SABER QUE ACTIVIDADES DEPORTIVAS PUEDES PRACTICAR EN LA ESEI,*,<!--Evitar valores unknown-->#Newline		<condition name="aux1">#Newline			<li value="unknown"><set name="aux1"/></li>#Newline		</condition>#Newline		<condition name="aux2">#Newline			<li value="unknown"><set name="aux2"/></li>#Newline		</condition>#Newline		<learn>#Newline			<category>#Newline				<pattern><eval><get name="aux1"/></eval> actividades deportivas <eval><get name="aux2"/></eval></pattern>#Newline				<template><srai>PREG18</srai></template>#Newline			</category>#Newline		</learn>#Newline		<srai>PREG18</srai>,aprender_preguntas.aiml
0,NO,NO ENTENDÍ BIEN TU PREGUNTA QUIERES SABER QUE ACTIVIDADES DEPORTIVAS PUEDES PRACTICAR EN LA ESEI,*,Entendido.,aprender_preguntas.aiml
